{
  "need_id": 121,
  "section": "Life in the UK",
  "divisions": {
    "england-and-wales": {
      "2012": [
        {
          "title": "New Year's Day",
          "date": "02/01/2012",
          "notes": "Substitute day"
        },
        {
          "title": "Good Friday",
          "date": "06/04/2012",
          "notes": ""
        },
        {
          "title": "Easter Monday",
          "date": "09/04/2012",
          "notes": ""
        },
        {
          "title": "Early May bank holiday",
          "date": "07/05/2012",
          "notes": ""
        },
        {
          "title": "Spring bank holiday",
          "date": "04/06/2012",
          "notes": "Substitute day"
        },
        {
          "title": "Queen's Diamond Jubilee",
          "date": "05/06/2012",
          "notes": "Extra bank holiday"
        },
        {
          "title": "Summer bank holiday",
          "date": "27/08/2012",
          "notes": ""
        },
        {
          "title": "Christmas Day",
          "date": "25/12/2012",
          "notes": ""
        },
        {
          "title": "Boxing Day",
          "date": "26/12/2012",
          "notes": ""
        }
      ],
      "2013": [
        {
          "title": "New Year's Day",
          "date": "01/01/2013",
          "notes": ""
        },
        {
          "title": "Good Friday",
          "date": "29/03/2013",
          "notes": ""
        },
        {
          "title": "Easter Monday",
          "date": "01/04/2013",
          "notes": ""
        },
        {
          "title": "Early May bank holiday",
          "date": "06/05/2013",
          "notes": ""
        },
        {
          "title": "Spring bank holiday",
          "date": "27/05/2013",
          "notes": ""
        },
        {
          "title": "Summer bank holiday",
          "date": "26/08/2013",
          "notes": ""
        },
        {
          "title": "Christmas Day",
          "date": "25/12/2013",
          "notes": ""
        },
        {
          "title": "Boxing Day",
          "date": "26/12/2013",
          "notes": ""
        }
      ]
    },
    "scotland": {
      "2012": [
        {
          "title": "New Year's Day",
          "date": "02/01/2012",
          "notes": "Substitute day"
        },
        {
          "title": "2nd January",
          "date": "03/01/2012",
          "notes": ""
        },
        {
          "title": "Good Friday",
          "date": "06/04/2012",
          "notes": ""
        },
        {
          "title": "Early May bank holiday",
          "date": "07/05/2012",
          "notes": ""
        },
        {
          "title": "Spring bank holiday",
          "date": "04/06/2012",
          "notes": "Substitute day"
        },
        {
          "title": "Queen's Diamond Jubilee",
          "date": "05/06/2012",
          "notes": "Extra bank holiday"
        },
        {
          "title": "Summer bank holiday",
          "date": "06/08/2012",
          "notes": ""
        },
        {
          "title": "St Andrew's Day",
          "date": "30/11/2012",
          "notes": ""
        },
        {
          "title": "Christmas Day",
          "date": "25/12/2012",
          "notes": ""
        },
        {
          "title": "Boxing Day",
          "date": "26/12/2012",
          "notes": ""
        }
      ],
      "2013": [
        {
          "title": "New Year's Day",
          "date": "01/01/2013",
          "notes": ""
        },
        {
          "title": "2nd January",
          "date": "02/01/2013",
          "notes": ""
        },
        {
          "title": "Good Friday",
          "date": "29/03/2013",
          "notes": ""
        },
        {
          "title": "Early May bank holiday",
          "date": "06/05/2013",
          "notes": ""
        },
        {
          "title": "Spring bank holiday",
          "date": "27/05/2013",
          "notes": ""
        },
        {
          "title": "Summer bank holiday",
          "date": "05/08/2013",
          "notes": ""
        },
        {
          "title": "St Andrew's Day",
          "date": "02/12/2013",
          "notes": "Substitute day"
        },
        {
          "title": "Christmas Day",
          "date": "25/12/2013",
          "notes": ""
        },
        {
          "title": "Boxing Day",
          "date": "26/12/2013",
          "notes": ""
        }
      ]
    },
    "ni": {
      "2012": [
        {
          "title": "New Year's Day",
          "date": "02/01/2012",
          "notes": "Substitute day"
        },
        {
          "title": "St Patrick's Day",
          "date": "19/03/2012",
          "notes": "Substitute day"
        },
        {
          "title": "Good Friday",
          "date": "06/04/2012",
          "notes": ""
        },
        {
          "title": "Easter Monday",
          "date": "09/04/2012",
          "notes": ""
        },
        {
          "title": "Early May bank holiday",
          "date": "07/05/2012",
          "notes": ""
        },
        {
          "title": "Spring bank holiday",
          "date": "04/06/2012",
          "notes": ""
        },
        {
          "title": "Queen's Diamond Jubilee",
          "date": "05/06/2012",
          "notes": "Extra bank holiday"
        },
        {
          "title": "Battle of the Boyne (Orangemen's Day)",
          "date": "12/07/2012",
          "notes": ""
        },
        {
          "title": "Summer bank holiday",
          "date": "27/08/2012",
          "notes": ""
        },
        {
          "title": "Christmas Day",
          "date": "25/12/2012",
          "notes": ""
        },
        {
          "title": "Boxing Day",
          "date": "26/12/2012",
          "notes": ""
        }
      ],
      "2013": [
        {
          "title": "New Year's Day",
          "date": "01/01/2013",
          "notes": ""
        },
        {
          "title": "St Patrick's Day",
          "date": "18/03/2013",
          "notes": "Substitute day"
        },
        {
          "title": "Good Friday",
          "date": "29/03/2013",
          "notes": ""
        },
        {
          "title": "Easter Monday",
          "date": "01/04/2013",
          "notes": ""
        },
        {
          "title": "Early May bank holiday",
          "date": "06/05/2013",
          "notes": ""
        },
        {
          "title": "Spring bank holiday",
          "date": "27/05/2013",
          "notes": ""
        },
        {
          "title": "Battle of the Boyne (Orangemen's Day)",
          "date": "12/07/2013",
          "notes": ""
        },
        {
          "title": "Summer bank holiday",
          "date": "26/08/2013",
          "notes": ""
        },
        {
          "title": "Christmas Day",
          "date": "25/12/2013",
          "notes": ""
        },
        {
          "title": "Boxing Day",
          "date": "26/12/2013",
          "notes": ""
        }
      ]
    }
  }
}
